epoch,time,train/box_loss,train/pose_loss,train/kobj_loss,train/cls_loss,train/dfl_loss,metrics/precision(B),metrics/recall(B),metrics/mAP50(B),metrics/mAP50-95(B),metrics/precision(P),metrics/recall(P),metrics/mAP50(P),metrics/mAP50-95(P),val/box_loss,val/pose_loss,val/kobj_loss,val/cls_loss,val/dfl_loss,lr/pg0,lr/pg1,lr/pg2
1,91.3341,0.98291,16.8252,0.75799,4.10977,1.3741,0.88187,0.9,0.93382,0.71724,0,0,0,0,0.48768,18.1986,0.68364,2.14575,0.94399,0.00038,0.00038,0.00038
2,192.35,0.55225,10.5258,0.7213,1.16525,0.98659,0.7635,0.8,0.90417,0.74559,0,0,0,0,0.54737,15.6492,0.67156,1.41589,0.94518,0.00062556,0.00062556,0.00062556
3,282.005,0.47959,8.27625,0.70087,0.74648,0.93106,0.79898,0.7,0.84321,0.58098,0.45747,0.1,0.04849,0.02425,0.65634,13.2012,0.65975,1.49569,0.94257,0.00071272,0.00071272,0.00071272
4,375.198,0.50246,7.99526,0.70379,0.85881,0.89926,0.98477,0.9,0.97833,0.84011,0.87044,0.8,0.83846,0.21204,0.4117,9.98934,0.65093,0.75562,0.84024,0.00064148,0.00064148,0.00064148
5,468.325,0.4984,6.6716,0.68757,0.85357,0.92598,0.98683,0.9,0.97833,0.80089,0.75999,0.7,0.61032,0.15694,0.45481,8.45246,0.66536,0.67053,0.87157,0.00041184,0.00041184,0.00041184
